,ALogP,ALogp2,AMR,apol,naAromAtom,nAromBond,nAtom,nHeavyAtom,nH,nC,nN,ATS0m,ATS1m,ATS2m,ATS3m,ATS4m,ATS5m,ATS6m,ATS7m,ATS8m,ATS0v,ATS1v,ATS2v,ATS3v,ATS4v,ATS5v,ATS6v,ATS7v,ATS8v,ATS0e,ATS1e,ATS2e,ATS3e,ATS4e,ATS5e,ATS6e,ATS7e,ATS8e,ATS0p,ATS1p,ATS2p,ATS3p,ATS4p,ATS5p,ATS6p,ATS7p,ATS8p,ATS0i,ATS1i,ATS2i,ATS3i,ATS4i,ATS5i,ATS6i,ATS7i,ATS8i,ATS0s,ATS1s,ATS2s,ATS3s,ATS4s,ATS5s,ATS6s,ATS7s,ATS8s,AATS0m,AATS1m,AATS2m,AATS3m,AATS4m,AATS5m,AATS6m,AATS7m,AATS8m,AATS0v,AATS1v,AATS2v,AATS3v,AATS4v,AATS5v,AATS6v,AATS7v,AATS8v,AATS7i,AATS8i,ATSC0m,ATSC1m,ATSC2m,ATSC3m,ATSC4m,ATSC5m,ATSC6m,ATSC7m,ATSC8m,ATSC0v,ATSC1v,ATSC2v,ATSC3v,ATSC4v,ATSC5v,pIC50
3,2.1672000000000047,4.696755840000021,167.33900000000003,102.47644299999992,6,6,93,42,51,36,1,6721.363674000021,7599.009949999999,11921.162198000007,14420.856805000025,15966.174038000012,16689.89375499998,16135.652676999973,16469.243189999986,15109.607262999987,18157.14748699673,24310.39106313002,38886.69574126273,51118.872513703434,58170.847837424655,59965.11437834362,58095.61672248228,56918.636074608425,55451.98409949637,691.0604560000011,733.15188,1386.236168,2072.3478359999986,2708.6044719999986,3121.827516000001,3074.598476000001,2886.482032,2848.4138359999997,127.5016781472987,172.94137515200012,285.3114584540748,387.0871353891127,454.40345924386537,471.45539061182603,456.00861128176916,441.49499736454396,432.598181919752,15133.893564299204,13983.454128387786,28039.99969551368,42738.049431794345,58092.29755949753,68156.08694867362,67464.45588308304,62369.92777742072,61629.114989409325,339.5138888888889,250.77777777777786,444.2222222222225,629.0625000000002,790.7361111111106,966.0416666666667,973.513888888889,1048.875,972.0277777777776,72.27272767741957,78.34030876288658,64.09226988172047,51.87358562949649,43.38634249456525,39.64345309976242,38.9750064661835,42.66643313471499,39.762124376315754,195.2381450214703,250.6225882796909,209.06825667345555,183.8808363802282,158.07295607995832,142.43495101744332,140.32757662435333,147.45760641090266,145.92627394604304,161.58012377570137,162.1818815510771,3131.4736349032155,117.26019897189022,626.8690845806296,-973.9016231623476,-418.66990232675084,209.65149876066243,492.3296433662813,257.27768253069326,-1003.7634568626613,4804.673166363143,309.49043282152707,683.4356736578354,-1314.5553689995327,-1414.8703782594605,-83.48380727669044,5.920818753952375
53,2.530500000000004,6.403430250000019,166.4448,101.29206399999993,6,6,92,44,48,36,0,7499.966082299559,8064.908183670399,12864.926697340803,15404.996306043226,17387.194597413785,17243.448601521584,17203.50864026399,17461.367617340813,16454.726213713602,18391.060868810917,24505.043542519586,39225.673540181,51418.380248056346,58248.37593723747,59675.25945099235,57828.68627379421,56683.593666794826,55584.85043181638,706.0551440000012,735.1320880000002,1392.936696,2079.0246679999977,2703.8228719999993,3094.2100200000014,3033.364260000001,2848.406104000001,2816.1138520000013,126.2215414327517,170.8458742320001,280.61897659407464,379.79743178971665,445.59741844131827,461.4864771547319,444.77196336952414,429.0109804802988,418.76642111611085,15160.459750898955,13851.309816605692,27862.58842044877,42407.59864449224,57327.808350254505,66878.04449081827,65818.62128173021,60713.171520212665,59852.377988936525,468.06944444444434,271.6111111111112,505.88888888888914,695.8958333333339,929.9583333333328,1002.1805555555553,1090.9861111111113,1102.9305555555557,1038.111111111111,81.52137045977781,84.00946024656666,69.91807987685219,56.2226142556322,48.03092430224802,41.75169152910795,42.582942178871264,46.439807492927685,44.71392992856956,199.9028355305534,255.26087023457902,213.18300837054886,187.6583220731984,160.9071158487223,144.49215363436406,143.14031255889657,150.75423847551818,151.0457892168924,161.47120085162942,162.64233149167538,3391.8884257592626,110.82417449026177,851.36961949244,-1126.4004294845688,197.9760411818673,269.2906821201806,1145.3483812814889,650.5263636436531,-892.1400555388559,4674.607833377439,259.817835614814,819.6074550801926,-1319.5133576243331,-1271.063587517653,16.30317920983252,5.327902142064283
17,0.0448999999999942,0.002016009999999479,171.3895,118.68875199999992,0,0,111,47,64,40,0,7627.368943000026,8427.198301999999,12858.945913000018,15377.280233000027,17451.625313000022,18282.801181000017,17108.776758999993,16856.943231999994,14335.694514999974,20444.771152303158,27366.455966628007,42863.07389384177,55860.62646034267,64230.01352537762,66362.56060961503,62948.694163878674,59027.34735171074,54309.588096564294,825.0643480000019,859.7016319999997,1657.7478759999995,2451.842347999999,3092.6748919999986,3559.591780000001,3542.052316000001,3265.2280240000005,3107.327188000002,144.51365391033616,196.50824319200024,320.3027475374141,429.8617945537342,504.0163474576949,524.1653865731087,499.3267697806928,463.88904695031664,430.80847455612815,18204.662973769424,16442.625067017078,33991.532655012124,51668.23947840167,66569.71664292044,77543.41220228336,77959.59779333364,71070.12114188973,67724.27908173631,409.51388888888886,282.6944444444445,533.5000000000001,695.0069444444446,876.3888888888886,1108.3055555555552,1116.444444444444,1207.236111111111,1055.472222222222,68.71503552252275,73.92279212280701,57.66343458744402,46.457039978852045,41.55148884047625,38.168687225469775,35.942808317226884,38.662713834862366,34.71112473365611,184.18712749822657,240.0566312862106,192.2110936943577,168.76322193456997,152.92860363185144,138.54396786975997,132.24515580646778,135.38382420117142,131.50021330887242,163.00486500433425,163.98130528265455,3739.290267099089,120.7873215738827,647.5541458008921,-489.47940066489656,-260.25795489750044,-89.12252898620646,153.95875394440185,262.77064990803916,-1344.8139864227828,5615.821439877943,208.4834978846043,421.94649199946383,-488.632285573469,-1042.2401707501288,-750.9829814885336,5.178486471595227
8,0.69940000000001,0.489160360000014,170.7727,104.67644299999992,0,0,95,44,51,36,3,7113.75577200002,7987.418031999999,12289.660180000004,14813.220759000022,16217.473051000012,16833.954586999964,16332.041100999963,16435.957680999974,15065.655065999978,18643.775833440097,24772.209096866485,39315.12821703,51495.1772558844,58183.765887083406,59374.00339969933,56897.02616066808,54642.054083953415,52396.52882165284,711.4637280000012,753.3544479999998,1409.6526880000001,2080.4807719999985,2721.4320359999983,3139.8777,3073.9365800000014,2841.195908,2722.165864,129.92167814729876,175.0364751520001,286.51327041407467,388.0827975694146,453.5994506490163,465.9784391858259,444.69651184461816,419.77757450054384,403.3278905869598,15556.373689919204,14395.216487567783,28582.25464888728,42821.496105129256,58381.931659791175,68786.47584865867,67696.02726185747,61565.0590579362,58795.095624130794,357.51388888888886,267.44444444444457,462.4444444444447,652.6180555555559,799.069444444444,971.5416666666667,994.7916666666667,1074.8194444444443,995.1388888888887,74.88163970526338,80.6809902222222,65.37053287234043,53.284966758992894,43.94979146612469,39.89088764691935,39.64087645873777,43.59670472413787,41.96561299721442,196.2502719309484,250.22433431178268,209.1230224310107,185.23445056073524,157.67958234981953,140.69669052061448,138.09957805987398,144.93913550120268,145.9513337650497,163.30254392025518,163.77463962153422,3250.409746736847,133.6135339058042,577.5646455733934,-1041.531007072039,-448.65797213573836,202.02873164266225,723.61608256233,447.49959493905436,-880.9692191634383,4830.2771131635245,246.2994112019762,758.5147589551589,-1439.579829544227,-1684.9395042871872,-200.34708878073525,5.698970004336019
6,2.4186000000000054,5.849625960000027,173.02489999999997,104.55985699999994,0,0,94,45,49,37,2,7420.73104014979,8337.5738178352,13174.239844670403,15481.797083521624,17037.49344068641,17608.898335835172,17346.96524424478,17381.975218631986,16450.562702835196,18938.855078788034,25356.500310253814,40689.49078085258,52539.117871484275,59674.0078417735,61042.552403382724,58678.503587523606,56733.750481367126,55886.15373882378,711.3656800000012,756.7215160000002,1423.820916,2088.0858359999984,2738.2737719999977,3140.939212,3065.356948000001,2810.1712999999995,2743.1158959999993,130.9216013376008,177.53264854200015,292.68180121407465,391.75865146541463,459.38222807646935,473.9893246324299,452.8294691815241,431.4701183949028,424.6364733727148,15405.646638990707,14317.255187933586,28601.71184397707,42812.36709695921,58470.61996503944,68373.56993623074,66999.35942276975,60336.57907958227,58739.26817736041,378.06944444444434,272.3888888888889,481.38888888888914,661.9513888888893,809.1249999999997,937.5694444444446,980.9027777777783,995.0694444444445,954.722222222222,78.94394723563606,84.2179173518707,69.70497272312383,55.68991756662454,46.172068944949615,41.82636184283889,42.413117956588714,46.725739835032215,45.44354337799778,201.47718168923438,256.1262657601395,215.28831100980202,188.9896326312384,161.7181784329905,144.9941862313129,143.46822393037556,152.5100819391589,154.38164016249658,162.19510505264049,162.2631717606641,3320.7247608506123,174.19163456087063,855.3163491263865,-916.920933409158,-428.0418367498948,346.7209103543502,963.4911735664489,524.4694453557688,-610.738168177817,4803.92856866911,273.10842946928096,866.4409863655337,-1291.406173828553,-1355.8343531941134,80.38823979775714,5.761953896871205
41,1.0991000000000004,1.208020810000001,156.52089999999995,100.72323599999993,5,5,93,41,52,34,2,6630.04754500002,7568.648776999998,11893.677061000006,14101.867495000017,15978.045606000005,16613.96028999997,16122.185935999969,16048.84491499998,14820.642651999964,17584.5116011507,23732.81572979621,38100.364296479085,49759.333677125775,57633.65558807543,59318.179606652724,56922.30168109553,54421.10914033599,52369.58898061264,692.8995240000011,736.9283479999997,1411.5550360000002,2063.1885319999988,2702.595967999999,3104.65488,3044.668328000001,2801.7902199999994,2755.3939439999986,123.5784910521477,168.7874914720001,279.6517186683197,377.47602357220666,448.8525339558654,465.272802042732,445.2116187175241,420.70598756429877,406.3474598235066,15276.462566953453,14073.259451872284,28832.529701017018,42922.193299738894,58023.25602552004,67774.82734052565,66783.18625029543,60647.64577332378,59710.7896497333,304.0138888888889,246.69444444444446,434.0555555555558,597.8125000000002,759.8194444444441,906.5416666666667,923.5138888888894,940.9166666666665,917.9027777777776,71.29083381720451,78.02730697938142,62.92950825925928,50.9092689350181,43.65586231147542,39.841631390887216,39.51516160784306,43.026393873994586,40.60450041643826,189.0807699048463,244.668203399961,201.5892290819,179.6365836719342,157.46900433900387,142.24983119101367,139.51544529680277,145.90109689098117,143.47832597428126,162.59422459336133,163.59120451981727,3151.205583698931,176.76616302368794,881.3697402570091,-649.2326632215413,-370.36124411619926,-124.04921334893321,351.745949890747,201.90978262689285,-890.0495007538427,4706.68000470175,221.30833603074922,908.2725887960004,-748.163329995974,-1113.2716792367123,-406.6151946195234,5.679853713888946
4,3.079600000000009,9.483936160000058,170.9054,103.02485699999993,0,0,92,43,49,36,0,8035.805998000021,8046.425579999997,12827.961490000007,15364.928865000024,17018.886906000018,17223.414880999986,17160.406672999994,17424.402410000013,16396.176169,18572.02756029064,24534.122421605727,39283.83129835327,51492.29375142042,58246.357481426414,59712.216202674375,57878.550709608564,56741.75142496713,55687.84281426661,692.849233000001,729.82407,1382.3206599999999,2058.3879599999987,2684.4588719999992,3083.8916660000014,3020.993060000001,2837.790068000001,2790.169126000001,130.7980563376008,173.73963854200008,286.40650521407474,387.8957888954147,451.02424247731835,465.5356557075809,449.05542766552406,434.7985091002988,429.75854253180887,14906.428911060106,13758.079858727588,27676.128504692573,41995.961376783096,56994.61299727413,66672.22585696372,65612.64031118975,60526.711604456475,59347.510763349295,344.1025186709343,250.5205761316873,453.04938271604965,625.3546810699593,793.0941358024687,968.6579218106996,973.704218106996,1061.7474279835392,958.4927983539093,87.34571736956543,83.81693312499998,69.71718201086959,56.07638271897819,47.01349974033153,41.70318373123483,42.47625414108909,46.341495771276634,44.55482654619565,201.86986478576787,255.5637752250597,213.49908314322428,187.928079384746,160.90154000394037,144.58163729461108,143.2637393802192,150.90891336427427,151.32565982137666,160.97529682036296,161.2704096830144,3948.268108608705,111.80513971265327,844.4750308695527,-1114.6088484215702,-136.89413426466024,266.2132004631401,1117.9132620661628,634.2337078601082,-897.0128899565198,4821.04645254873,259.1510372015124,829.4562976466591,-1329.5864295166605,-1331.8000667064227,21.217600112746577,5.853871964321762
44,3.6037,12.986653690000002,174.7532,107.69882199999992,6,6,98,44,54,38,0,7072.712060000022,7969.699311999998,12607.962810000005,15307.471362000031,16717.097053000023,17233.612192999986,16723.787747999988,17290.56828600001,15926.004491999998,19070.50912753085,25492.843399097666,40699.3560216996,53781.31986835021,60897.79680903679,61377.996560184736,58804.849204051854,58128.75015967581,57447.78781053285,729.4469600000014,770.9509119999997,1462.1793360000006,2137.6845599999983,2847.5530839999988,3272.614628000001,3086.672136000002,2905.891296,2873.7024480000014,133.84652086184587,181.24456009200017,297.40275988316887,404.5697902305658,475.14815155671465,481.43706539686315,455.7488389580712,443.860606622299,441.500227799809,15916.446455544454,14631.261905383084,29613.263223871654,43637.76811478545,60704.713785013475,71400.74868379867,67113.50999556125,61904.38048492026,61124.40093623668,354.06944444444434,263.72222222222234,473.0000000000003,656.8402777777778,840.8472222222217,1012.8472222222223,996.652777777778,1102.4305555555557,999.1388888888887,72.17053122449002,78.13430698039213,64.32634086734697,53.522627139860255,43.30854158808296,39.167300438636325,40.49343280387407,44.9105669766234,41.910538136842106,194.59703191358008,249.92983724605548,207.64977562091633,188.0465729662595,157.76631297677926,139.49544672769258,142.38462277010134,150.98376664850858,151.17838897508645,160.79059866213058,160.85368667430703,3314.960628000011,140.48994604080357,991.6435008571284,-1004.2122820816472,-656.1947077755207,503.16284291836484,608.3827534285713,290.09989428570657,-1209.7184581224499,5069.925127185734,271.29114811793227,1228.4181676600074,-1419.969001978014,-2000.1346802315206,392.83751136800714,5.619788758288394
19,2.336700000000002,5.4601668900000115,138.6732,86.95089199999994,0,0,80,36,44,30,0,5908.438452000017,6502.351474999999,10445.006893000002,12832.296640000019,14410.838561000011,14794.679102999973,13433.491803999954,12816.904358999946,10041.459040999962,15371.536469227,20654.612519322032,33560.38237190703,45223.334297207606,52392.028170473546,53017.647741626846,48282.72378689415,43068.41678683069,37076.332911775076,601.9381920000002,629.4165800000002,1209.7370920000005,1810.7505759999995,2423.715499999999,2844.6030120000014,2731.939216000002,2396.374380000001,2160.2129000000023,107.08919181335577,146.45857699199996,245.2541141280746,340.39097428032045,407.53823210313004,417.3623625056377,380.6726713961277,334.25129504435495,290.76518423731704,13052.915086581961,11932.338251119092,24473.432793229418,36998.28653062353,51492.56502987535,61853.4024294962,60044.91625140881,51772.448851174006,46793.72921425338,353.48611111111114,220.5555555555556,413.38888888888914,564.4513888888891,727.1527777777774,918.1944444444446,911.8472222222224,1001.736111111111,812.3472222222223,73.8554806500002,78.34158403614457,64.47535119135803,53.0260191735538,43.935483417682974,38.729526447643906,36.70352951912556,40.43187494952665,35.35725014436606,192.14420586533748,248.8507532448437,207.16285414757422,186.87328221986616,159.73179320266325,138.7896537738923,131.9200103467053,135.86251352312522,130.55046799920802,163.32002792168453,164.76665216286403,2774.9827398000048,80.3390747075027,781.1959362550027,-953.9928824449968,-684.8895571299906,-36.133207544991386,350.4630563650071,223.27357154250285,-1136.9788014399887,4067.4877979881417,249.75198462510068,958.8114453952363,-1109.4922563186424,-1687.114794209845,-659.0754814677322,5.0851281824599495
47,2.6207000000000087,6.868068490000047,166.31699999999995,101.40185699999992,6,6,92,43,49,36,0,7140.0428221497905,7848.825450835197,12432.761231670404,14936.562187521624,16271.800335686414,17062.842943796786,16411.76898583517,17100.947879632,15517.857976670395,18245.100607559696,24345.953336318256,38907.49312777833,51014.00033862377,57802.08989298643,59384.59707847398,57442.160993764475,56320.040585105075,54776.09061295128,696.7736080000011,731.26572,1385.20396,2063.9928599999985,2687.6843759999992,3084.323044000001,3019.208228000002,2841.951832000001,2786.0502360000014,126.35590533760073,171.0292285420001,280.98568521407475,380.3105588174146,445.94482622046934,461.9115501964299,445.1314256515241,429.4729894242989,419.79267517150686,15041.823443083204,13808.246409478588,27776.46160619457,42217.461228885724,57165.95866697624,66739.98736005563,65671.3973049154,60636.061583675226,59472.103157723526,406.2916666666666,261.6111111111112,479.5555555555557,666.3402777777778,816.2361111111109,994.5694444444446,980.5416666666667,1122.3194444444443,981.0555555555554,77.6091611103238,81.75859844619998,67.56935451994785,54.51300068438549,44.94972468421661,41.31438969442321,40.62319055899796,45.4812443607234,42.16809232790868,198.31631095173583,253.6036805866485,211.45376699879532,186.182482987678,159.67428147233818,143.78837065005806,142.18356681624869,149.7873419816624,148.8480723178024,161.26612123317878,161.60897597207475,3268.8814129806983,122.43265041464278,770.7640090505605,-991.8303989868492,-523.4882281653295,411.629659925237,661.1641982264521,538.5062438985791,-854.5801181886827,4716.781946404754,263.4992864338124,765.7245529881799,-1265.1887058734903,-1395.385817702388,-3.4011682077649965,5.5376020021010435
52,0.08919999999999972,0.00795663999999995,163.9862,113.03316599999992,0,0,106,44,62,38,0,7080.840572000025,7922.291894999995,12080.881073000011,14652.466361000019,16388.34817900001,17065.711602999974,16371.856975999974,16484.631790999974,14786.650198999963,19319.179082978284,25987.21942831249,40941.443629899855,53489.10766236762,61014.233224578675,62384.03700458465,59651.895219540995,57356.11789686308,54969.624001444434,783.1946720000017,820.3514519999994,1588.7993239999996,2342.147491999999,2976.4320039999993,3372.488932000001,3305.160632000002,3107.621348000001,3008.3143400000013,137.40342410063795,187.36401457200023,306.686060744565,412.76343464118713,481.4078763968458,494.8110607754104,471.97113742020247,447.97308189697725,431.94808555248716,17395.787671738435,15729.447930996277,32665.864943705263,49411.717104703894,64313.89279901973,73787.01789436374,72722.85127078122,67324.90919175404,65181.90861125866,353.48611111111114,261.86111111111114,478.277777777778,660.3680555555559,835.5416666666665,1008.2638888888894,1014.305555555556,1107.9166666666665,989.0972222222223,66.80038275471722,72.68157701834858,56.452715294392576,46.22229135962152,40.465057232098786,37.50705846813182,36.790689833707795,39.81795118599028,36.966625497499905,182.25640644319137,238.41485714048156,191.31515714906476,168.7353554017906,150.65242771500903,137.1077736364498,134.04920274054155,138.54134757696394,137.4240600036111,162.62055360327062,162.95477152814664,3513.7476619622607,126.99328800105152,551.3156847742787,-382.4056136607508,-241.60871985583526,131.0442577091394,465.48294172444974,251.85423605303203,-1033.850477348176,5370.725138081649,211.17464657217275,562.2585548406834,-505.3325029153215,-1000.6390477805754,-375.3319307847588,5.337242168318426
25,1.2106000000000052,1.4655523600000129,137.0555,89.24927099999992,0,0,83,36,47,30,1,5851.714692000019,6518.770762999999,10454.782381,12877.278592000017,14428.93914500001,14766.091046999969,13441.106115999946,12761.79471899994,10147.116544999959,15491.71109877712,20961.562364550024,34163.77424747909,46154.664361892355,53539.68591066453,54352.378966203185,49886.53901468239,44729.45007100454,38881.52224535548,618.9435040000002,651.8287480000001,1251.4532520000005,1887.2750719999995,2527.8309799999993,2957.225948000001,2873.8132400000013,2541.6051880000005,2308.960884000001,108.98982652790274,149.536725902,251.4243282589236,350.3807797457165,421.22494704477117,433.7412992901277,400.04651460031585,354.5477431533921,311.52953642580763,13633.456819662208,12491.05805745959,25478.81472531892,38862.50669732405,54284.54043294917,65031.12155224497,63941.07453943775,55878.474420632185,50912.25313557527,322.4861111111111,221.9444444444445,403.4444444444447,567.7013888888894,723.5416666666663,902.7222222222224,902.8472222222224,967.125,815.4305555555555,70.50258665060262,75.7996600348837,62.23084750595239,50.898334355731286,41.94459053779072,36.91522761749992,34.64202607216481,37.53469034999981,33.052496889250676,186.64712167201347,243.73909726220958,203.35579909213746,182.42950340668912,155.63862183332714,135.880947415508,128.57355416155255,131.5572060911898,126.6499095939918,164.34845417832997,165.8379580963364,2819.0530382168645,70.30589530541812,725.2700531393567,-948.5323716730936,-590.7228917542328,-37.12458903308823,298.9725492512736,204.09423970199435,-1212.706306766004,4188.881888665879,318.11667011059427,956.1233962920892,-1055.9658941762368,-1563.0870210074868,-696.7955190367157,4.444905551421681
57,1.6770999999999991,2.8126644099999965,182.7626,111.84082199999996,0,0,101,47,54,37,2,8604.651637999976,9669.558235000004,14436.730808000006,17189.664540000027,18546.340803000032,19066.27914299998,18513.377412999977,19342.029827000013,18691.873340000024,19946.788585955885,26575.158802708876,42380.892919602404,55498.178735032656,62369.3986501253,62790.57550133454,60155.10051670313,58823.76612983791,57542.65792683447,764.4052810000017,803.8117560000002,1520.6000539999998,2233.1884139999984,2934.3639019999987,3317.715722000001,3208.414490000002,3069.7463620000008,2971.689114,142.53082486184613,190.7484360720001,310.7971254686218,420.80619881626365,486.0968305255635,492.42018213292005,472.8058019640139,454.6652472462419,443.847568578356,16504.91331807705,15211.112957194888,30529.586480142945,45473.89441995949,62410.924941174715,72205.7046450777,70145.82185095563,65771.64513099726,63261.32107985318,449.6466906721536,267.2484567901236,562.875,753.7044753086421,921.8163580246907,1137.1327160493825,1059.2206790123455,1192.1365740740746,1155.9629629629626,85.19457067326708,92.09103080952384,71.82453138308459,58.073191013513615,47.0719309720813,43.039004837471744,43.25555470327098,48.11450205721396,48.42454233160628,197.49295629659287,253.09675050198928,210.85021353036018,187.49384707781303,158.2979661170693,141.7394480842766,140.54930027267088,146.32777644238286,149.0742433337681,163.6110575397942,163.8894328493606,4148.068857445551,617.4854702298661,1060.408692449942,-1093.450179899823,-511.1648490548861,859.1903519071831,860.4204105377063,252.9920533256544,-789.1338816433695,5183.441623131037,353.7445237711074,977.9079544112981,-1631.8496584793302,-1862.4386758578155,-10.46743652485992,4.873868592738016
15,1.3109000000000024,1.7184588100000062,148.58579999999995,94.53606399999993,5,5,87,39,48,32,2,6337.4550470000195,7231.692182999997,11506.259987000001,13554.455076000017,15234.481550000008,16004.192650999968,15604.691332999968,15256.913909999974,13465.257575999949,16613.142819928376,22426.835460815484,36273.27007315444,47753.734604010686,55583.56165368251,57367.855374053026,55061.50023485962,51677.27242222812,47577.942167729765,650.9446360000006,693.3767879999998,1326.0960200000004,1937.6561999999988,2589.289847999999,3003.8069080000005,2972.280380000001,2734.818776,2602.400768,116.2222394327517,158.75551423200002,264.27633837862163,360.2391289537165,433.7564066927713,451.77174796073183,431.899981829524,400.96944751399656,370.4309674695061,14283.203246676456,13207.180548840684,26984.125303085322,39942.33019776874,55394.670436054716,65658.55741638766,65387.882708798265,59464.774010644884,56711.35443740387,295.5138888888889,236.27777777777786,416.7222222222225,572.229166666667,723.0694444444442,868.6250000000003,902.8472222222226,927.0416666666665,883.361111111111,72.8443108850577,79.46914486813185,65.00711857062147,52.33380338223944,43.40308133903136,39.51652506419746,39.10950208771922,41.91459865384608,39.143190627906826,190.95566459687785,246.44874132764264,204.93372922686126,184.3773536834389,158.357725509067,141.64902561494574,137.9987474557885,141.97052863249482,138.30797141781906,163.36476376550792,164.8585884808252,2976.476253609202,170.1395205696857,939.2286647605953,-982.7589710319804,-581.5117635612469,113.20252822155727,490.1317295279428,242.1988807385353,-840.1068905926775,4397.417043416296,218.2922420800959,1039.6734673790054,-1030.0442629751622,-1384.2462342242807,-363.23183366699834,5.42021640338319
58,1.7729000000000006,3.1431744100000016,153.91989999999996,100.12723599999993,0,0,93,41,52,34,0,6749.5914490000205,7416.328519999996,11696.694691000004,14196.739859000025,16271.084939000013,16904.525894000013,15698.339215999986,15331.536063999987,12501.609184999956,17530.66480863606,23448.515159685812,37381.79122386783,49819.836390612,58189.223455646956,60356.424826241644,57148.49465632878,53188.522897307244,47518.59158364483,699.1996840000011,729.0469519999998,1401.3708279999996,2074.532947999999,2715.365491999999,3182.378168000001,3170.473712000002,2933.9364880000007,2773.593212000002,122.44489905214769,166.4123114720001,274.17660666831983,375.7326213973577,449.8871743013185,471.4402878890342,450.7392363500143,416.96276666388314,377.85575726909065,15224.885012938452,13844.388357922286,28446.319461217026,42794.50854817018,57695.98571268895,68643.44476836859,69453.80804590344,63668.37039391655,60502.36513425434,384.01388888888886,251.19444444444446,478.00000000000017,621.5902777777778,806.3055555555551,1029.6388888888887,1019.1111111111106,1118.2361111111113,963.7638888888887,72.57625213978517,77.2534220833333,62.549169470588254,51.25176844404341,44.45651622677599,39.775355044705904,36.93726874352938,39.211089677749335,33.97176408967379,188.5017721358716,244.2553662467272,199.9026268656034,179.85500502025994,158.98694933236868,142.01511723821562,134.46704625018538,136.03202787035102,129.12660756425228,162.83470688981214,164.40860090829986,3221.8455878279583,108.33108430661264,840.3994844642027,-762.7810371650032,-476.70037730142303,-510.48718004173446,45.268239528162106,147.60800700289732,-1358.993121598795,4694.6113354715835,202.768652276786,833.8560985807258,-750.1832080007669,-1251.811198763008,-1000.7505798947324,4.82739706879014
27,1.6056000000000052,2.577951360000017,136.8333,88.28447799999992,0,0,82,36,46,30,0,5910.470580000017,6530.585554999999,10497.455149,12896.896336000018,14480.51857700001,14863.343054999968,13502.155755999951,12889.588214999942,10123.20179299996,15433.70395808886,20851.36276631801,33986.60585164406,45921.352356783915,53245.46495220449,53840.000778926864,49105.07682419417,43858.046838385664,37887.44834640776,615.3751200000004,646.0053800000002,1240.5611560000004,1873.2125919999994,2519.769835999999,2933.938884000001,2821.2750880000017,2488.063788000001,2238.8645480000023,107.97841762305374,148.106889288,249.12951504407462,347.7371474497165,417.10746979677117,426.48698729442975,389.7972961849198,342.797143509147,299.09073829756244,13422.750390630457,12270.64507552814,25117.98471306428,38503.569877285,53922.43663665808,64098.35638425468,62289.87020616729,54049.46453491572,48669.11448963527,341.4861111111111,223.27777777777786,418.1111111111113,565.3680555555559,732.708333333333,924.0555555555555,915.0972222222224,1007.7916666666665,820.0972222222223,72.07890951219534,76.83041829411764,63.23768162048192,51.38205711553792,42.34069759356728,37.628716594936634,35.625740781002506,39.05935822727255,34.3159382813558,188.2159019279129,245.31015019197662,204.73858946773532,182.95359504694787,155.68849401229383,136.30379944032117,129.5648465018316,132.90317223753232,128.4320282929077,163.78625616641128,164.98004911740767,2828.7724475122022,65.91230813980154,710.8375140362921,-907.5412358239093,-547.9647444776929,26.739004374183658,390.13320240095635,270.969372572873,-1201.1730982206911,4145.21994837972,291.2832295812657,906.6562455092568,-1067.2615221370777,-1510.3098824695307,-622.9369885159098,4.229147988357856
9,2.684000000000001,7.2038560000000045,176.9396,107.96923599999994,0,0,98,46,52,38,0,7582.61593400002,8377.712982,13100.899100000004,15863.240573000037,17561.786910000035,18092.45218500004,17220.124065000004,16989.417662000018,14314.304923999993,19441.123192597704,25748.041770834767,40791.532094167786,53847.57829093601,61863.8013997336,63554.839226653654,60545.894522502764,57460.39735277148,52521.68513964317,742.7134640000015,779.2767839999998,1467.845888,2129.9273239999984,2831.756375999998,3299.598492,3249.9607560000013,2979.3051439999986,2895.029816000002,134.2437030521479,180.2465914720001,293.7520318866218,399.8782080465657,474.37377744392256,493.7797708961284,471.5479443500145,442.51792907084615,408.492711457148,15917.513723100954,14658.252439112284,29366.91649357826,43237.67351506133,59671.993997005324,71115.40227529126,70712.27111013843,63683.889229466615,62258.31246402343,413.31944444444434,282.3888888888889,524.9166666666669,673.3402777777778,870.5555555555553,1075.694444444444,1084.1249999999993,1172.638888888889,1038.9305555555552,77.37363197959205,82.13444100000001,67.53040773195879,56.05385361484112,46.21522871052641,41.02596867346945,39.677705218894026,43.01118395443043,37.57035413123357,198.3788080877317,252.43178206700748,210.26562935138043,190.274128236523,162.79947736772004,144.11528169309216,139.50666940668842,145.46936038676319,137.85219196756734,161.2250360239661,163.40764426252863,3444.377625061215,143.72759097708058,846.1610443277675,-902.7145152686496,-810.9596137476024,-120.29054638775398,513.2501707084566,-60.64537086922104,-1569.594168472726,5000.3900637022025,213.40030461866652,1076.8347040094106,-1247.2327528594712,-1847.3532900689206,-660.2743096021658,5.585026652029182
30,0.8345000000000083,0.696390250000014,202.5909,122.08399399999996,0,0,109,51,58,42,3,9243.155445999975,9505.834397,14806.388594000013,17709.272135000017,19084.168194000016,19148.18168299998,18325.352345999974,17879.194566999973,16496.555871999968,21906.43441336566,28949.39887738793,45941.0694300175,59500.418540840095,66534.20485568461,67738.30845278487,64520.050442002634,61596.715049676364,58995.82118309668,815.8116970000021,866.4643459999999,1627.5664199999994,2402.1506079999986,3049.3564599999977,3484.2633600000004,3465.135932000001,3257.823914,3165.515517999999,154.5197684812424,205.2892133120002,336.32305745862203,449.857686517603,518.3095746552618,535.5350988157694,512.4959588745046,484.6865991086752,464.8222058018832,17779.722818445836,16534.455034530478,32958.95216499201,49747.679850275475,65195.18269899757,76000.32551825611,76257.77650599259,71009.37151274977,69187.14134205387,378.6580742264898,295.0761316872428,519.2993827160493,723.6880144032925,893.1949588477362,1050.3647119341563,1065.5679012345681,1130.2654320987654,1042.6404320987654,84.79959124770619,83.38451225438597,68.2322055023042,55.169072071651144,46.32079658737868,40.74081209148932,39.240583182012784,41.00732698853205,39.09136462559234,200.97646250794185,253.94209541568364,211.70999737335254,185.35955931725888,161.49078848467138,144.1240605378401,138.15856625696495,141.27686937999164,139.80052413056083,162.86553099254533,163.95057190060155,4482.0120178899015,132.75793795916547,724.0131017053981,-961.9244229510228,-622.4948193086352,23.21771679580862,534.7308086001176,-19.407310064216453,-1000.3740162343288,5665.732414455419,320.1797459161698,801.7102040161619,-995.8140823126951,-1749.447215024377,-743.9853769591715,6.920818753952375
36,0.8022000000000091,0.6435248400000146,207.2643,127.30637299999994,10,11,114,53,61,44,2,9594.503831999971,9876.523759000003,15253.329196000017,18136.20590500002,19539.07963600002,19656.773652999982,18752.80190799997,18364.544108999977,16743.392548999975,22819.79605389978,30131.851213355578,47479.156417960985,61075.61315280295,68023.68020158897,68978.89599964008,65609.94239950979,62918.705809528044,60401.959675477774,854.1982010000024,904.2633779999996,1705.3819719999995,2496.951167999999,3149.9576519999987,3572.1617680000004,3516.926804000001,3297.977554,3207.1658340000013,160.86461119578942,213.59239825200024,347.83962450032004,462.3592731926971,529.012416378356,542.6658617711655,517.3308584853537,491.00548342612836,474.09717631048727,18562.275709691075,17182.262811525776,34443.092949745114,51788.46678331691,67222.08488934694,77556.32126873308,76925.72466427194,71080.586539716,69161.57362667662,392.1580742264898,306.2427983539094,546.7993827160493,742.6880144032924,919.6949588477363,1084.1147119341563,1085.2901234567903,1166.7098765432104,1056.418209876543,84.16231431578923,82.99599797478993,67.19528280176218,54.30001767964078,45.974305025882394,40.95161177708329,39.7305125169491,41.832674507972605,39.30373837793421,200.17364959561212,253.2088337256771,209.15927937427745,182.8611172239609,160.05571812138578,143.70603333258347,139.0041152531987,143.32279227682923,141.78863773586332,161.9147757168929,162.35111179971037,4667.790455684205,157.37472532962713,706.538248839322,-810.5913333379642,-524.2091436121935,62.503840382266375,494.4398559916828,-198.57472509972982,-1406.812152925223,5932.486254104818,281.3223813907457,729.2990765716638,-882.9470183264061,-1635.0527249610534,-593.0419278147133,5.911863911299449
26,-0.3637999999999961,0.13235043999999718,123.1219,79.80571999999994,0,0,74,34,40,27,0,5727.549834000015,6217.3146529999985,10037.843645999998,12494.808538000007,14111.61817100001,14537.350900999969,13063.671735999942,11618.154046999929,8669.516688999958,14193.041563219644,19195.12186492273,31687.62259616882,43281.77255293442,50598.575447373136,51231.02107920488,45935.33233623266,39029.35194527175,31077.423727911064,565.794504,590.7119240000002,1139.7699360000004,1765.6851519999998,2339.935963999999,2772.046700000001,2679.4080640000016,2350.2131480000016,1951.169908000003,97.58724419395979,134.3982634279999,229.38553543098044,323.9626144617163,391.117920476036,401.53926933624155,362.3336834667313,306.14050681714644,245.1042995895616,12118.312696017461,11124.870049395744,22767.97114767964,36196.937927415915,49454.53009727688,60147.628315304726,58762.25953066392,51299.383285653166,42857.68732231228,373.70833333333326,215.27777777777783,403.4444444444445,550.0347222222226,714.2638888888887,906.166666666667,963.3194444444446,982.4583333333333,738.2083333333335,77.39932208108128,80.74434614285714,66.47578573509932,53.16939803404258,44.798787844444476,39.184234234501254,36.59291802801104,37.47791628064493,33.73352797276248,191.79785896242763,249.2872969470485,209.85180527264126,184.17775554440175,160.63039824562895,138.08900560432585,128.67039870093183,125.9011353073282,120.92382773506249,165.48188156662312,166.76142926969757,2657.859400216213,50.303460856102426,459.1872264236702,-764.1416987677071,-848.4172143798439,-3.996525165089541,307.8441054704097,357.59524798612085,-307.4284832644286,3689.37349793251,286.0273251424001,603.986240272368,-608.3840870978979,-1797.4612636806933,-796.0989375768346,4.36251027048749
24,0.6151000000000052,0.3783480100000064,142.3396,91.01606399999993,0,0,85,37,48,30,2,6048.926805000018,6729.085867999997,10653.270537999997,13267.626886000016,14797.669283000007,15309.118349999968,14402.719824999956,13745.203823999937,11540.459971999946,15766.109016429731,21291.842712672333,34630.9465369425,46800.023150573004,54345.73393417957,55541.91158690927,51895.36277387038,47370.821194823184,41945.39543415855,635.8636040000006,670.3092320000002,1277.9428880000005,1918.800063999999,2564.3147639999993,2993.776520000001,2958.4465000000014,2687.303672,2467.7886399999998,110.64443943275171,151.480198202,254.3482008489236,354.5679818794145,425.9684830167712,440.94356239042975,412.90292443431605,373.14411226993934,332.86754802805285,14029.614534496455,12899.93925067589,26082.273895054917,39561.864699124286,54982.225638801465,65700.66603541197,65705.2592852176,59069.46085641742,54434.43506506021,329.7361111111111,231.9444444444445,404.4444444444447,594.2847222222226,741.1249999999997,906.9305555555555,936.9305555555555,993.375,898.3055555555553,71.1638447647061,76.46688486363634,62.29982770760232,51.62500733852146,42.522038169540245,37.89385730198012,36.18773825376873,38.39442408938529,35.291926519877514,185.4836354874086,241.9527580985492,202.52015518679823,182.1012573952257,156.1659021097114,137.47997917551797,130.39035872831758,132.3207295944782,128.27338053259496,164.99849401233917,166.4661622784716,2907.719055247061,74.23030473245849,661.5200410323902,-776.9942961116949,-610.8236269761975,-58.55787713896394,401.40775431376915,124.14659984179552,-942.9611574445632,4241.403801065924,329.30977760686807,996.3475391426558,-942.4519067818753,-1511.3845904756934,-765.1565728887504,4.671620396561262
43,3.079600000000009,9.483936160000058,170.9054,103.02485699999993,0,0,92,43,49,36,0,8035.805998000021,8046.425579999997,12827.961490000007,15364.928865000024,16502.56688400001,17326.052040999988,16609.369114999976,17561.757106000005,15913.058234999995,18572.02756029064,24534.122421605727,39283.83129835327,51492.29375142042,58092.214220495596,59519.100172116385,57630.330079051935,56642.712764034964,55152.42878352621,692.849233000001,729.82407,1382.3206599999999,2058.3879599999987,2683.521125999999,3082.404694000001,3017.766578000001,2838.5918320000005,2783.1669360000014,130.7980563376008,173.73963854200008,286.40650521407474,387.8957888954147,450.81964629846937,463.2131961964299,447.8418356515242,433.48504542429885,425.2134951715069,14906.428911060106,13758.079858727588,27676.128504692573,41995.961376783096,56994.625365624626,66679.31663223713,65621.23075416441,60525.22430510572,59371.770056221525,344.1025186709343,250.5205761316873,452.9382716049385,626.4143518518521,791.8369341563783,971.2793209876544,969.451131687243,1064.6486625514403,959.9835390946499,87.34571736956543,83.81693312499998,69.71718201086959,56.07638271897819,45.5872013370166,41.95169985714283,41.112299789603895,46.706800813829794,43.24200607336956,201.86986478576787,255.5637752250597,213.49908314322428,187.928079384746,160.47572989087186,144.1140440002818,142.6493318788414,150.64551267030575,149.8707303900169,160.97134123698328,161.33633167451495,3948.268108608705,111.80513971265327,844.4750308695527,-1114.6088484215702,-653.2141562646607,598.425757680531,796.4511012835594,771.5884038601075,-691.4046323043442,4821.04645254873,259.1510372015123,829.456297646659,-1329.5864295166605,-1485.9433276372379,34.39786556517172,5.638272163982407
11,1.2412000000000016,1.540577440000004,152.3398,100.6588219999999,0,0,94,40,54,34,0,6495.655576000021,7248.378706999996,11306.046925000004,13865.439445000016,15601.321263000007,16234.804722999968,15551.072431999974,15516.088681999972,13665.847512999959,17376.441520533568,23375.258890351026,37287.25518325056,49461.91428254718,56987.03984475822,58444.908038692665,55978.24095476334,53815.555971099835,51228.049108890744,699.284896000001,733.2483319999997,1417.8812920000007,2090.607891999999,2724.8924039999993,3120.809500000001,3047.218928000001,2890.2260480000004,2803.191772000001,122.6909208618457,167.3000600920001,275.9353001651688,376.67731920360274,445.3217609592615,459.595729013826,439.8299974409201,419.032910143091,403.7337943899968,15409.26903118445,13997.290124933084,28969.05614784187,43495.89648454958,58398.07217886543,67876.71003086767,66652.76801171273,62332.582584489435,60706.273069051305,336.4861111111111,240.86111111111114,441.277777777778,611.3680555555559,787.5416666666665,957.3472222222224,961.805555555556,1055.5833333333335,921.9305555555554,69.10271889361725,74.72555368041233,59.50551013157897,49.343200871886175,42.280003422764246,38.74655065155124,38.02218198533001,40.40648094270826,36.63766089276129,184.85576085674012,240.98205041598996,196.24871149079243,176.02104726885116,154.43642234351822,139.48665403029275,136.86611480382234,140.14467700807248,137.34061423295105,162.3244338137746,162.75140232989628,3173.767916425529,119.4106791140642,683.0232879696539,-541.9920535061287,-365.54320101087677,-1.6150965563646835,300.1748316378431,-21.051372504307825,-1188.7569186885514,4759.557159274895,207.6539772548697,840.2391336768919,-660.0844213059853,-1118.809326146733,-346.6986044673841,5.5376020021010435
32,1.3704000000000045,1.8779961600000123,207.88559999999995,125.17757999999996,10,11,112,52,60,43,3,9389.451694999974,9696.274682,15116.108020000007,18200.567810000026,19761.12957400002,19919.527518999992,18792.489115999968,18659.23205099997,16952.772977999964,22392.118803976846,29527.65293273092,46912.77975876981,61282.48483907881,69239.41662693885,70815.16202008825,66971.79130937702,63431.21939840956,60579.11583701244,836.7891410000025,888.3091179999997,1673.4041239999995,2446.9233879999992,3156.6149719999976,3633.567312,3640.179652000001,3362.516632,3243.1492859999994,158.19789429094044,209.73337394200018,343.20802445316906,462.90288225790505,539.7073678498091,561.1326390800145,534.2709189881459,500.03630007631637,477.47868028988336,18276.352478584333,16959.839873492874,34053.97212903786,50523.840353061474,67482.09346113351,79254.25255018531,80433.3287028189,73503.87635403026,70678.42416423548,382.4080742264898,300.99279835390945,527.8827160493827,735.2713477366258,918.1116255144028,1091.1980452674898,1107.395061728395,1157.6944444444443,1072.7608024691358,83.83439013392835,82.8741425811966,67.78523775784757,55.65922877675848,46.27899197658085,40.569302482688364,38.273908586557994,41.373020068736075,39.33357999535954,199.92963217836467,252.37310198915318,210.3712096805821,187.40821051706055,162.15320053147272,144.22639922624901,136.39876030423022,140.64571928693914,140.5547931253189,162.97977018631985,163.9870630260684,4573.636806062498,158.66733923826834,849.0464135898309,-1048.3103299414206,-638.7454324257932,-32.830581238276466,392.2927856992308,550.1508877929731,-1615.5446481601566,5823.572160931014,247.2525225516087,1162.7858107178854,-1101.3902134011228,-1754.0080959233098,-1063.0941203239272,6.866461091629782
54,1.4849000000000034,2.2049280100000104,156.8315,103.22082199999993,0,0,96,42,54,35,0,6895.8876980000205,7584.806816999996,11890.403228000005,14393.496588000024,16467.841668000015,17299.017536000014,15927.258200999982,15643.262417999993,13007.044075999973,18016.349199247223,24101.50529417617,38295.33833553016,50826.63473556711,59196.02180060206,61328.56888483947,57949.356725460384,54233.94618911597,49477.56198711592,720.1771280000012,750.8227319999999,1444.1003359999993,2137.417847999999,2778.2503919999986,3245.167280000001,3227.723604000001,2956.5343199999998,2838.920552000002,126.12302486184568,171.42830009200011,281.86429681316883,384.75415025675386,458.9087031607146,479.0577422761282,455.6231999560145,424.3230423790341,392.9037231290908,15721.51467307695,14277.42780943808,29370.521660182872,44273.46370320877,59174.94086772753,70148.63642709046,70538.58551445742,64043.286549498116,61801.48348880173,388.26388888888886,256.44444444444446,487.25000000000017,633.7569444444447,815.2222222222217,1050.4722222222217,1050.0277777777774,1122.1527777777776,978.7222222222223,71.83216352083356,76.61421027272723,61.60830688082905,50.32691114685323,43.91424444800004,39.859487410138286,36.954195361948905,39.70371172081216,34.501443172413715,187.67030415882527,243.449548426022,198.42144215300598,177.7155060684165,157.85605813493882,141.3100665549297,134.45326386417722,137.64960961704563,131.24021747245607,162.54641256217798,163.9296644265298,3308.950446958333,110.70450255337185,809.5331011358362,-710.0955326467172,-435.77319063933874,-216.26333606163732,-195.240215156683,134.40616925433613,-1435.2255272009531,4848.68542710831,203.85310457926292,766.1974555724672,-699.7689349447631,-1211.9136512657685,-839.109638998963,5.127843727251707
56,-0.2389999999999983,0.05712099999999917,164.6312,107.89440799999994,0,0,100,44,56,34,2,8173.891403000022,9116.715927000003,13277.968750000002,15695.15857300001,17616.71821400002,18429.33246099998,17566.649878999982,18491.442902000006,17860.63823000002,18738.40536956976,25110.5644284526,39932.175515613184,52446.73948256326,60078.77637852106,61607.69655558555,58702.016074608124,56874.85484003362,55553.412667583485,755.2206610000015,787.8849559999999,1516.9567799999993,2251.308447999999,2875.7046659999987,3294.9252960000013,3239.190970000001,3013.001486,2971.1891219999998,135.05335067154388,181.8199246920001,296.6490522031688,401.4384800484518,471.2922922649595,485.41174830291993,463.16398796201423,444.5880709747888,433.37346915775186,16494.365553855547,15010.180628260683,30794.921585427364,46662.888549834366,61560.099763001126,71761.86751540929,71073.42496340834,64977.275347116796,63566.03744646867,436.84113511659814,251.02777777777786,539.712962962963,724.1165123456793,861.6466049382711,1124.429012345679,1064.3873456790125,1122.747685185185,1137.7268518518513,81.73891403000022,88.5118051165049,66.05954601990051,52.492169140468256,45.521235695090496,41.88484650227268,40.75788835034799,46.577941818639815,46.151519974160244,187.3840536956976,243.79188765487962,198.66753987867256,175.40715546007775,155.24231622356862,140.01749217178534,136.19957325895157,143.26159909328368,143.54886994207618,163.67071875848058,164.2533267350612,4117.615419789998,619.6337562062854,675.5333308120853,-1011.9104100121193,-364.37511767731206,294.8391274939936,419.02872508509637,451.09278087369233,-793.9715880673148,5037.299384145082,291.7259796228218,653.0176819000021,-952.078548476999,-1256.0368467300866,-304.01269674503317,5.094743951251549
37,-0.22480000000000688,0.050535040000003084,212.0893,130.653545,10,11,119,54,65,45,3,8682.32575799997,9837.650283000006,15065.275032000012,18129.67299800004,19788.966279000026,20384.277629999997,19421.047800999982,19073.824037000002,16997.346721999984,23106.991148181405,30743.052091772548,48362.831202985515,62810.585787218006,71020.63697181277,73121.19253696749,70785.44335557369,68113.10404259518,64334.3517077393,886.7385840000028,941.8942199999997,1770.2106239999994,2572.038239999998,3291.5538199999983,3762.7022319999987,3781.723828,3600.626155999999,3520.304639999999,161.8895628151855,217.69990348200022,353.2575567157161,473.3429129489992,552.5649063182985,575.2164121914101,558.580748665297,536.4064479437699,512.5791465206187,19471.821308871164,18020.568833441783,36056.91685396197,53433.994056013966,70673.58052202257,82030.7933084163,83235.62066221218,78299.18320042382,77197.50226580624,405.875,323.25,564.75,782.2847222222226,961.819444444444,1144.569444444444,1163.694444444444,1249.666666666667,1136.458333333333,72.96072065546194,79.33588937903231,63.83591115254242,52.70253778488382,44.3698795493274,40.205675798816564,38.15530019842826,39.57224903941909,36.01132780084742,194.17639620320514,247.92783944977865,204.9272508601081,182.5889121721454,159.239096349356,144.22325944175046,139.06766867499744,141.31349386430531,136.3015926011426,162.44643817515316,163.55403022416576,4030.3875991764758,183.4594112698815,761.1938309273199,-842.526715737038,-446.25874767820375,-216.04398425604825,-106.44691571278963,-618.3922280172944,-1446.284223086497,6078.131423207315,279.9589944919184,1021.447315287118,-948.539976577128,-1458.7287558815908,-952.0025245942102,5.8344589232776265
29,0.2585000000000092,0.06682225000000475,208.4141,128.27116599999997,10,11,115,53,62,44,3,9535.747943999972,9842.790991000002,15193.805668000017,18102.78559300002,19473.69763600001,19545.719076999983,18673.97366799997,18226.967948999973,16732.578628999967,22877.803194588043,30255.37914636867,47768.16365334215,61514.01523075032,68522.99123288793,69696.36425975531,66592.07002406067,63962.4761292408,61578.41569333938,857.7665850000025,910.0159059999997,1713.0254359999994,2527.920407999999,3174.9255559999983,3612.3555920000003,3586.165636000001,3370.77925,3288.571946,161.87602010063847,215.32119055200025,351.69843774832015,467.9007442363952,536.0277323740539,552.8180125145616,530.3080556484479,505.0751454940715,489.08945165358136,18772.982138722826,17400.533937562075,34807.35656292372,52705.590160352636,68142.37524263472,79047.27299372006,79138.11451902911,73499.84471141241,71763.38246798373,387.1580742264898,305.5761316872428,537.7993827160493,748.1880144032925,916.6949588477362,1076.5313786008232,1085.04012345679,1154.7098765432104,1066.5015432098762,82.91954733913019,82.02325825833334,66.3484963668123,53.40054747197646,45.28766892093026,40.052703026639314,38.582590223140436,40.325150329645965,38.02858779318175,198.93741908337427,252.12815955307224,208.5946011062976,181.4572720671101,159.35579356485565,142.82041856507237,137.58692153731542,141.50990294079824,139.95094475758953,162.61027591020442,163.09859651814483,4664.692162121743,140.47157043817148,675.4226556706093,-827.2383706284503,-535.7314136726095,45.051812709485525,460.01586475720575,-219.4196605045785,-1413.4720036918663,5981.007308927536,323.72067363571205,678.3322389361306,-862.2961049030619,-1680.2848271204598,-643.196319228773,7.229147988357855
45,2.710900000000005,7.348978810000028,166.1892,101.51164999999992,6,6,92,42,50,36,0,6780.119562000021,7632.742717999998,12000.595766000008,14468.128069000024,16019.448950000013,16775.014482999988,16195.686252999973,16597.03668599999,15085.69251099999,18099.140346308483,24186.863130116933,38589.31271537567,50609.62042919119,57556.80018975517,59270.87954155978,57283.070787563134,56047.23284198955,54457.91020054864,687.492072000001,727.3993519999998,1377.471224,2048.9610519999987,2676.518935999999,3079.178212000001,3015.341860000002,2832.9406320000007,2778.317500000001,126.49026924244973,171.2125828520001,281.35239383407475,380.8236858451128,446.27459893816734,461.99960418242995,445.3147799615242,429.7443977202988,420.15938379150685,14923.187135267455,13765.183002351487,27690.334791940382,42027.32381327921,57018.884658496834,66687.90707521178,65628.33389778831,60540.91789170427,59385.97634346932,344.51388888888886,251.61111111111117,453.5555555555557,625.5625000000002,791.7361111111106,970.625,971.7638888888894,1062.7083333333335,960.9444444444442,73.69695176086978,79.5077366458333,65.22062916304353,52.80338711313878,44.252621408839815,40.617468481840156,40.088332309405885,44.141055015957406,40.9937296494565,196.72978637291826,251.94649093871803,209.72452562704171,184.70664390215762,158.9966856070585,143.51302552435783,141.78977917713647,149.06178947337645,147.98345163192562,161.01307949921352,161.37493571594925,3138.8384304782585,134.34703806615002,690.1583986086816,-864.4492940765758,-375.3325193383885,230.86101852693082,536.0638192476338,297.67843113231964,-1019.5481667174002,4757.6569123837935,267.2372219070845,711.84165089617,-1212.191443498074,-1317.497286800437,-30.41173431843702,5.619788758288394
1,1.3719000000000052,1.8821096100000143,170.97569999999996,108.41602899999992,5,5,100,47,53,36,3,7883.691903000022,8693.896066999998,13617.49737,16234.729866000018,18043.368439000027,18228.83995599998,17213.505827999998,17637.716825999993,16368.591531999975,19355.115653195026,25645.50042665625,41024.961099519285,53876.82524802752,62310.50153177873,62502.55500433654,59080.46087814584,56868.16702876835,55435.8699328168,764.9558040000016,802.0967959999997,1521.939344,2197.004103999998,2906.6045879999983,3358.483488000001,3258.3932240000026,2957.653504000001,2917.3371920000013,132.74051595699683,178.97291578200006,294.46506661031975,399.7631759151128,477.99714145077166,485.34943348407126,456.99904296171235,432.42348923509087,422.4635088146009,16482.5628513752,15221.969735610175,30761.605886284528,45093.949529398524,61427.17235232372,72812.85903662653,70894.38137072598,63361.01077855911,62378.500290870106,457.7916666666666,293.2777777777778,553.6388888888891,708.1180555555558,929.0416666666663,1093.5694444444448,1108.6111111111113,1138.5555555555557,1099.6944444444443,78.83691903000022,83.5951544903846,68.08748685,55.98182712413799,46.38398056298208,40.78040258612971,39.84607830555555,45.224914938461524,42.84971605235596,193.55115653195026,246.59135025631005,205.12480549759638,185.78215602768108,160.18123787089647,139.82674497614434,136.76032610681906,145.81581289427783,145.12007835815913,162.46413020143362,163.29450337924112,3582.5226641100066,188.48524695558743,953.7884314499879,-910.3403956890158,-835.6149473279112,148.23579038830528,562.8081218748091,725.7033791909987,-702.3869146801964,4935.184385010867,113.76782049258587,1050.7135887922768,-962.0883792224628,-2312.334103003216,-492.2401461362092,6.301029995663981
21,2.349300000000004,5.5192104900000185,145.64030000000002,92.24447799999993,5,5,85,39,46,31,2,6447.126799000019,7255.421746999998,11626.563490999995,13579.820660000018,15223.905322000008,16075.778210999968,15708.002392999964,15451.690225999968,13587.617235999944,16343.849206281555,22039.427203879623,35758.798193538816,47206.85839132539,55074.226304292206,56896.80734196497,54174.74559886693,50164.137479495585,45479.800092974474,643.3189080000006,683.7823480000001,1299.3925880000004,1909.863487999999,2557.4132959999993,2994.5583800000004,2955.997028000001,2687.9445759999994,2497.0041839999994,113.18731762305372,154.330229288,258.7366750440746,355.1998354397165,429.2089264147712,446.64553934073166,421.9395719415239,383.7002487386004,346.75449215871384,13972.024872340458,12962.54511921314,26176.18902094428,39210.440566848396,54757.062613271766,65405.41026561186,64919.16289288818,58072.918878890996,53929.71779265568,325.5138888888889,242.27777777777786,438.0555555555558,578.3958333333337,718.9027777777776,877.9583333333335,921.180555555556,969.7083333333335,907.8611111111106,75.8485505764708,81.52159266292135,67.59629936627906,53.254198666666724,43.87292600000002,39.89026851364757,39.767094665822704,43.64884244632759,41.67980747239247,192.28057889743008,247.63401352673736,207.89998949731876,185.1249348679427,158.7153495800928,141.18314476914387,137.1512546806758,141.70660304942257,139.50858924225295,164.0477934431949,165.42858218606037,2981.9298332470576,133.5995485060127,900.335425664766,-904.0127039176551,-435.90421385564173,223.5258841698301,655.1833995342591,334.85526475930925,-738.8517093946034,4250.130934994108,248.3184500047493,919.6418875052257,-1076.5112793843384,-1344.1825489176636,-358.09986367632064,5.034798298974088
2,3.551300000000005,12.611731690000036,175.01229999999995,105.58685699999994,0,0,94,45,49,37,0,8436.03811999998,8382.85369,13372.457733000007,16044.856205000031,17449.241141000024,18078.86093700003,17655.83539400002,16802.394381000016,14560.137380999993,19211.935239004324,25260.36882543088,40347.25587881626,53061.16241675535,60344.436037916865,62186.193333138115,59819.35227349178,56669.99490529176,51967.7667491393,713.7414650000012,747.3984700000003,1410.7534079999998,2091.5823919999984,2758.314817999999,3194.314602000001,3179.448428000001,2937.3929459999995,2829.2152560000013,134.23016033760092,177.86787854200008,292.62750921407485,397.3999766245657,464.02656447192237,481.71609898703423,464.96104599092035,438.7998761408461,408.01656429514793,15218.674552952607,14038.217543232588,28115.168502675067,42492.3799124985,58168.411580204025,68646.79770102659,68998.88829460222,62910.51100517192,60996.919899808476,395.880296448712,265.7983539094651,499.4660493827162,647.4143518518521,838.6563786008228,1046.7705761316863,1047.1712962962956,1143.7664609053495,996.5056584362137,89.7450863829785,85.53932336734694,71.51046916042785,57.71531008992818,47.16011119189196,42.43864069718317,41.6411212122642,43.083062515384654,38.93084861229945,204.38228977664173,257.75886556562125,215.7607266246859,190.86749070775303,163.09307037274823,145.9769796552538,141.0833780035183,145.30767924433783,138.95124799235106,161.30900257736388,163.0933687160654,4061.6625608085183,102.73377860388227,897.8196125405057,-1100.4806570294384,-824.7460845441443,58.802205165694744,857.0940421190718,58.447869220016706,-1137.5516876849094,4895.756541528766,254.20545449290162,869.9693692610578,-1404.3098282624217,-1691.0555668774853,-462.33949720196716,5.97469413473523
48,3.6037,12.986653690000002,174.7532,107.69882199999992,6,6,98,44,54,38,0,7072.712060000022,7969.699311999998,12607.962810000005,15351.351326000036,16828.040726000017,17525.102946999992,16961.860381000006,17446.49324300002,16441.077587000007,19070.50912753085,25492.843399097666,40699.3560216996,53693.25545442176,60857.44952136169,62060.01328017557,60053.00780347252,59316.86415185216,59249.55701343148,729.4469600000014,770.9509119999997,1462.1793360000006,2137.8243919999977,2853.839071999999,3234.3471160000013,3130.998316000001,2988.7917560000005,2931.3106760000005,133.84652086184587,181.24456009200017,297.40275988316887,403.69900655456576,473.08038405926163,484.1268935632222,466.11225472352425,455.0867578722421,456.07587614550727,15916.446455544454,14631.261905383084,29613.263223871654,43632.2553581272,60869.956093274384,70143.20107547332,67910.53177728169,63943.601352689824,62385.41155579878,354.06944444444434,263.72222222222234,472.5000000000003,658.7847222222222,841.6249999999995,1014.5138888888887,1023.4861111111113,1109.9027777777776,999.9444444444442,72.17053122449002,78.13430698039213,64.32634086734697,53.67605358741271,43.59596043005186,40.38042153686634,40.48176701909309,43.945826808564284,42.26498094344475,194.59703191358008,249.92983724605548,207.64977562091633,187.73865543504112,157.66178632477119,142.995422304552,143.32460096294156,149.41275605000544,152.31248589571072,161.06700592617085,160.37380862673206,3314.960628000011,140.48994604080357,991.6435008571284,-960.3323180816471,-483.0681016326648,298.82047214285194,320.28271548979524,347.55158540815665,-1069.1512646734725,5069.925127185734,271.29114811793227,1228.4181676600074,-1508.0334159064716,-1471.3453697315827,120.64642595052528,5.522878745280337
39,1.3871000000000009,1.9240464100000017,153.6093,97.62964999999993,5,5,90,40,50,33,2,6483.7512960000195,7400.170479999998,11699.968524000002,13905.110766000014,15627.389916000006,16221.051923999968,15905.326662999969,15748.20958499998,14329.346976999956,17098.82721053954,23079.82559530585,37186.81718481676,48752.535332170664,56634.85485991545,58266.886400419775,56023.27065472878,53459.33872046682,50587.522682373936,671.9220800000007,715.1525679999999,1368.8255280000005,2000.3036319999992,2639.9485359999985,3053.9961920000005,2994.479044000001,2779.591555999999,2710.621163999999,119.90036524244972,163.7715028520001,271.9640285234707,368.4544947128106,440.63716819677137,458.3920405387319,438.591326139524,414.0146432542988,393.3022640832045,14779.832906814954,13640.220000356485,27908.32750205117,41443.23814470031,56522.348078588475,66647.1496979919,65794.59396869116,60240.93451343088,58934.629146947285,299.7638888888889,241.44444444444446,424.88888888888914,586.6458333333336,745.4027777777776,884.2083333333335,907.930555555556,935.8333333333333,909.1111111111113,72.04168106666688,78.72521787234041,63.93425422950821,51.88474166417915,43.77420144537817,39.46727962043789,39.56548921144271,42.562728608108046,39.914615534818815,189.98696900599492,245.5300595245303,203.2066512831517,181.91244526929353,158.64105002777438,141.76858004968318,139.36136978788255,144.4846992445049,140.9123194495096,162.81333652278613,164.1633123870398,3064.0627183999964,173.55342807109898,910.67267165332,-702.9930784355705,-632.0429213866712,-61.945162293334924,526.9334029466658,149.6749874444408,-804.0080110177881,4552.200075337352,219.8438216755634,974.2793774400557,-802.3347348310623,-1322.685046672751,-446.0623637104892,5.723538195826756
35,1.6662000000000088,2.776222440000029,198.5295,118.02561499999996,10,11,105,50,55,41,2,9155.615084999976,9371.088868,14672.203585000007,17553.89576600002,18872.01937700002,19687.481047999987,18198.028044999974,18052.031894999982,16673.592932999967,21362.742882066217,28172.880809884482,44738.515082974016,58084.45306942077,65175.59843597668,66126.7568296112,62357.63733529496,59070.98726818398,56439.79158688401,791.265869000002,838.9360379999997,1577.1934479999998,2308.7032519999984,2956.2313999999988,3397.2607380000004,3347.9038000000014,3119.1573300000005,2972.9037820000012,149.83023376669536,198.54443239200012,324.77655406577287,435.7894466145089,504.14927813416773,517.3034973806753,489.0367568994104,455.3347094358831,433.51693268169504,17072.386729275597,15883.144456978382,31670.48635284757,47359.32012015116,62666.18568546055,73396.02877390482,73061.56703862493,67081.24473845253,63804.676099998665,379.4080742264898,290.4927983539094,519.0493827160495,708.3824588477369,877.7062757201642,1055.7175925925926,1047.595679012346,1142.138888888889,1029.1929012345677,87.1963341428569,85.19171698181819,70.20193102870817,57.178813570032645,47.417134113065366,43.26918911648349,40.62059831473209,43.81561139563103,42.643460186700686,203.4546941149164,256.1170982716771,214.05988077978,189.2001728645628,163.75778501501674,145.33353149365098,139.1911547662834,143.3761826897669,144.3472930610844,162.81855519041875,163.18331483375619,4390.447391657137,145.0906291591716,775.98448353958,-1020.1610475975683,-692.6574801289836,481.85088622857904,579.9073069200099,165.56546600244656,-691.5761456375528,5457.392984981274,275.1753011131783,913.2143139262416,-1068.5233656133814,-1805.7987739456892,-792.2557838945115,5.968995718636463
23,0.376400000000005,0.14167696000000374,153.8938,98.61364999999994,0,0,91,41,50,31,2,7735.002656000021,8611.281036,12476.243991999994,14471.80712900001,16285.794334000006,17327.111039999978,16726.103810999968,17606.209693,16672.76276299998,17281.35219773623,23151.5940249815,37133.775360707004,49104.809619703134,56672.96747399037,58519.86190061613,55917.79853343588,53953.503373741536,51596.577818365746,692.2883290000011,722.557616,1388.7357619999998,2060.584429999999,2665.310951999999,3101.634988000001,3068.328498000001,2874.081442,2833.3102860000013,124.0189732424497,166.771958832,272.35203715862167,370.9800294625657,442.6738866173183,461.1702734149768,442.94956198261804,423.25948064854373,404.8782258009024,15004.476573440052,13711.062273713289,28020.20998176834,42268.392005195565,57006.30723049276,67599.58209334359,67389.66930983543,61969.50674647067,60871.661394393945,424.09113511659814,234.68981481481487,519.0509259259261,684.9822530864203,783.6836419753082,1042.206790123457,988.804012345679,1072.747685185185,1087.768518518518,85.0000291868134,91.60937272340428,68.17619667759561,53.20517326838239,45.23831759444447,41.65170923076918,40.79537514878041,46.45437913720317,45.18363892411919,189.90496920589263,246.29355345725,202.91680524976502,180.53238830773213,157.42490964997327,140.67274495340413,136.38487447179486,142.3575286906109,139.82812416901285,163.50793336799654,164.96385201732778,3847.128404747258,600.6360234478792,525.1678639478183,-1457.3364273434545,-299.4097327803463,698.3467146499239,723.8872909739207,406.11587094275467,-776.3106056124933,4574.4498926113565,288.7206188228169,794.9095421931253,-1293.486532094199,-1327.1405004175074,-323.00619015575626,4.8326826652518236
50,2.107000000000004,4.439449000000017,145.8962,94.47164999999993,0,0,88,38,50,32,0,6203.063078000019,6911.422112999998,10918.629851,13428.046023000017,15174.050177000012,15703.655035999973,14857.540831999968,14675.776700999968,12310.462436999956,16405.072739311247,22069.278621370293,35460.16095992592,47536.38200656541,55326.98226989079,56829.878388911166,53896.72363707707,50825.678361115584,46436.40229600785,657.3300080000008,689.6967719999997,1332.4222760000005,1964.6982599999994,2592.720499999999,3029.3238320000014,2974.268264000001,2794.841100000001,2650.198596000002,115.33466924244972,157.26808285200002,260.5599198754706,359.5050451608106,431.22367869877127,447.82783130273185,425.71378853891997,397.69206613478866,367.81730203599625,14416.009710907454,13131.211221901485,27120.651749910172,40543.49893113067,55285.89922987406,65836.780977022,65289.30541849671,60594.1579917221,57706.837856721875,327.9861111111111,230.36111111111114,423.777777777778,584.9513888888891,758.5416666666665,931.430555555556,923.6388888888894,1020.7083333333333,887.3888888888887,70.48935315909112,75.94969354945052,61.34061714044944,51.057209212927816,43.230912185185225,38.58391900737094,37.143852079999924,39.45101263709669,34.972904650568054,186.42128112853686,242.5195452897834,199.21438741531415,180.74669964473546,157.62673011364896,139.63115083270554,134.74180909269268,136.6281676374075,131.9215974318405,162.88752148312392,163.93988027477803,3002.025390318179,114.9036301255129,745.8780171518558,-682.0064943827535,-532.7758062009307,-171.6197486988643,315.0088673491716,155.3085274504123,-1149.7687753863663,4452.8657393406265,205.57132745686366,976.9852311554164,-665.2354517552128,-1390.2773644590088,-676.7774230492391,5.468521082957745
10,2.6207000000000087,6.868068490000047,166.31699999999995,101.40185699999992,6,6,92,43,49,36,0,7140.0428221497905,7848.825450835197,12432.761231670404,14936.562187521624,16541.494470057612,17009.231542260786,16699.597446631986,17029.202151670408,15770.209362356796,18245.100607559696,24345.953336318256,38907.49312777833,51014.00033862377,57872.70768138568,59473.06949627606,57555.878530678674,56365.413254392195,55021.38031618251,696.7736080000011,731.26572,1385.20396,2063.9928599999985,2689.1796719999993,3086.694116000001,3024.3530600000013,2840.6733679999998,2797.215676000001,126.35590533760073,171.0292285420001,280.9856852140747,380.3105588174146,445.9299814383184,461.7430406685809,445.04337166552415,429.3776891002988,419.4629024538089,15041.823443083204,13808.246409478588,27776.46160619457,42217.461228885724,57166.033651143945,66782.97578301503,65723.47758975926,60627.04470595848,59619.17716620293,406.2916666666666,261.6111111111112,479.66666666666686,663.0625000000002,836.3472222222217,986.4027777777777,1031.3750000000002,1082.8194444444448,999.5277777777776,77.6091611103238,81.75859844619998,67.56935451994785,54.51300068438549,45.69473610513153,41.18458000547406,41.33563724413858,45.29043125444258,42.85382978901304,198.31631095173583,253.6036805866485,211.45376699879532,186.182482987678,159.86935823587203,144.00258957936092,142.46504586801652,149.9080139744473,149.514620424409,161.24214017542147,162.0086336038123,3268.8814129806983,122.43265041464278,770.7640090505605,-991.8303989868492,-253.79409379412937,241.31912713460144,832.2935277686134,466.76051593697923,-952.3261262661937,4716.781946404754,263.4992864338124,765.7245529881799,-1265.1887058734903,-1324.7680293031394,-8.671150782881497,6.221848749616356
22,0.8061000000000083,0.6497972100000133,170.8478,104.67644299999992,0,0,95,44,51,36,3,7113.75577200002,7987.418031999999,12289.660180000004,14835.182747000024,16214.389979000007,16827.898522999967,16331.085116999959,16466.875620999974,15042.584089999978,18643.775833440097,24772.209096866485,39315.12821703,51420.44117673701,58069.382444910945,59367.376793777235,56875.529150922215,54537.69877038837,52316.36398397515,711.4637280000012,753.3544479999998,1409.6526880000001,2080.5497639999985,2723.5560039999978,3124.11834,3081.615556000001,2836.114436,2719.0063760000003,129.92167814729876,175.0364751520001,286.51327041407467,387.5109695794146,452.49527522386535,465.8493573961279,444.43615273946716,418.8758215956948,402.7429755058087,15556.373689919204,14395.216487567783,28582.25464888728,42813.84149257585,58513.481695929324,68327.60337922338,67914.74573013514,61424.724178001954,58787.11019750889,357.51388888888886,267.44444444444457,462.1111111111113,654.2847222222226,800.7361111111106,967.0416666666667,996.4583333333336,1080.6527777777776,983.6388888888887,74.88163970526338,80.6809902222222,65.37053287234043,53.36396671582742,43.9414362574526,40.06642505476183,39.54257897578683,43.79488197074461,41.90134844011136,196.2502719309484,250.22433431178268,209.1230224310107,184.9656157436583,157.3696001217099,141.35089712804103,137.71314564387944,145.0470711978414,145.7280333815464,163.3636281329839,163.7523960933395,3250.409746736847,133.6135339058042,577.5646455733934,-1019.5690190720387,-407.0315281357386,165.8085374265954,737.7421636703633,437.8782757257572,-808.4417991634383,4830.2771131635245,246.29941120197626,758.5147589551589,-1514.3159086916066,-1498.2698288630431,-348.99392166226426,4.866972327100123
18,2.6952000000000043,7.264103040000022,152.5963,94.34247799999993,0,0,85,39,46,31,2,7219.002398000019,7446.322481999998,12122.608912999998,14028.000270000017,15402.694937000007,16473.702640999967,16333.246597999963,16575.309008999975,14630.10419099995,16724.235666083823,22244.387997147984,36140.329051341934,47722.434693205614,55187.268378384775,57411.560456321895,55060.04448136994,51582.79398916462,46814.573143844034,638.7110410000006,680.676066,1302.89838,1912.2266359999994,2547.2204859999993,2997.848088000001,2967.1964540000013,2700.541122,2482.7661819999994,120.95411362305373,158.03259360200002,263.4605433440746,363.3250671497165,431.9791141147712,454.76640365073166,437.2511854892219,407.5307497002984,372.29083995756287,13893.903393738057,12938.315465111289,26282.10932056457,39222.76280264343,54522.73497505347,65485.15979770076,65243.45267875012,58412.72973955167,53677.61982047809,288.4442729766804,228.604938271605,407.25000000000017,555.5748456790128,706.4799382716047,861.4799382716051,888.2993827160498,906.1157407407408,832.5462962962962,84.92943997647079,83.666544741573,70.0728838901734,54.796876054687566,44.51645935549135,40.77649168564349,41.038308035175795,46.299745835195466,44.74037978899066,196.7557137186332,249.93694378817955,208.90363613492443,186.41576052033443,159.5007756600716,142.10782291168786,138.34182030494958,144.0860167295101,143.16383224417137,163.16404955182028,164.15174257026936,3545.6747123058813,131.802994103241,1025.9455823774272,-939.9277793447873,-339.61202669218966,399.37512613439316,815.2506022383417,449.55744481757483,-715.045180035575,4397.553014491494,239.20687430859095,860.0053479674617,-1183.0140878837606,-1301.233677536744,-241.30023491617698,5.152427340857888
60,1.9847000000000024,3.9390340900000096,145.98479999999995,93.94006399999992,0,0,87,39,48,32,0,6456.99895100002,7079.371925999998,11309.277617,13605.49148800002,15647.674312000012,16363.880554999983,14881.177970999966,14377.132594999966,11543.055779999948,16559.29602741373,22142.53489070508,35554.69700054319,47840.893987059055,56416.21732791751,58510.13946530129,54144.100961048985,48797.69144422801,42745.156836041264,657.2447960000007,685.495392,1315.9118119999998,1948.8589359999994,2595.3264879999992,3102.5304440000004,3082.548540000002,2740.843508000001,2480.122440000002,115.08864743275171,156.38033423200002,258.80122637862166,359.0936381508676,437.38575630822436,459.19604856788317,428.33099477486326,380.52708605933566,335.4198144969589,14231.625692661455,12978.309454890688,26597.915063285323,39810.36173440973,55106.016585413076,67183.75114423304,67779.7735357745,59570.31725084875,53598.752106511514,375.51388888888886,240.77777777777786,462.91666666666686,591.8402777777778,754.5555555555553,994.8055555555553,1000.2361111111106,1074.4444444444443,906.1805555555555,74.21837874712665,78.65968806666662,64.62444352571428,52.53085516602325,44.580268695156725,39.33625133413458,36.03190792009677,39.497617019230674,35.408146564417024,190.33673594728424,246.02816545227859,203.16969714596107,184.71387639791138,160.72996389720092,140.64937371466655,131.09951806549392,134.05959187974727,131.1201129939916,163.65471772211194,164.41335001997396,3046.3129344367867,103.13881421481537,900.1842256156607,-1145.7103860819245,-566.0356142679431,-261.9736068701267,161.4322715127573,471.6541235403621,-1499.4505447286233,4385.6378109545585,200.40383827282238,967.6551826978954,-1004.2933951448024,-1490.9367066281118,-1044.298793388598,4.2516568955124505
20,1.134200000000003,1.286409640000007,171.4971,104.85164999999995,0,0,94,44,50,35,2,8056.091139000021,8458.891946,13228.107026,15569.568289000019,16908.531988000017,17368.070410999982,17084.79371199997,17345.995704999983,16498.077305999977,18759.02902776916,24872.369379226493,39714.00401909104,51059.109810732625,58428.245832805085,59909.532280880965,57488.27006635537,55526.90248290036,53716.34391954351,709.0986770000012,748.589796,1407.0839500000004,2075.1418679999983,2708.7740819999985,3148.298958000001,3105.308504000001,2887.786064,2786.057894,134.53136924244993,178.10529883200005,293.36522120407466,385.8740680302636,452.59182883762026,470.6998561772789,450.5395905591651,427.29208398224176,415.34723791980883,15326.202711997556,14219.158483619287,28295.064371915207,42483.087630222435,57658.726772402275,68586.16702528021,68323.82908222874,62383.718373011696,59764.786040300154,388.9617626886145,261.0154320987655,464.098765432099,657.5162037037038,826.3657407407402,1018.4645061728396,991.1450617283953,1093.5385802469136,1035.3858024691358,85.70309722340447,86.3152239387755,70.73854024598931,56.4114793079711,46.32474517260279,41.15656495497626,41.06921565384608,45.40836571989525,45.20021179726021,199.56413859328893,253.79968754312748,212.3743530432676,184.9967746765675,160.0773858433016,141.96571630540512,138.19295689027734,145.35838346308995,147.16806553299594,163.30816328013532,163.73913983643874,3875.828547414901,200.14098705680112,766.9585979618477,-912.7437359948075,-473.33572963230034,182.2008833076168,1247.205672951119,774.0556194416022,-735.0995463025099,4862.219606804228,350.4129739182564,827.3547413100745,-1537.7641568322795,-1688.974703307655,-425.8191591019047,5.0746879085003505
7,3.1826000000000048,10.12894276000003,170.2961,104.07364999999993,0,0,94,44,50,37,0,7180.351684000021,7969.1708279999975,12545.092009000007,15148.055409000031,16966.123207000026,17665.178075000033,16553.76027799999,16388.71151900001,13698.054120999983,18739.048025022163,24913.109533942086,39652.73729583866,52178.48909452612,59809.022007176434,61838.934041649314,59322.91101237853,56322.73561380298,51179.17079653592,708.3843040000012,744.9737520000001,1405.9039719999996,2082.1554839999985,2751.3126279999988,3191.889884,3172.9954640000014,2934.9682279999993,2822.0770840000014,129.92237324244977,175.34082285200012,287.5733978340748,390.32787357426366,459.48151711162046,479.18904329703423,462.53386196292035,436.2728204508461,401.95345707999695,15235.432777159956,14045.320686856487,28129.37478992288,42523.742348994616,58192.67087307624,68653.90084465049,69016.06918055154,62917.61414879581,61019.70426168042,396.2916666666666,266.8888888888889,500.0833333333336,646.5625000000002,837.944444444444,1049.694444444444,1043.9861111111104,1144.5833333333333,997.7916666666664,76.3867200425534,81.31806967346937,67.08605352406421,54.48940794604329,45.85438704594603,41.46755416666674,39.04188744811319,42.02233722820515,36.62581315775397,199.3515747342784,254.2154034075723,212.04672350715862,187.69240681484214,161.64600542480116,145.16181699917678,139.91252597259086,144.417270804623,136.84270266453456,161.3272157661431,163.15428946973375,3263.264024425528,124.32665181166772,742.849314749195,-844.5864275776488,-534.4853031856059,-172.2633571412412,99.10218501674706,-156.01022531869887,-1374.093816437767,4836.324070475062,261.95120679574865,751.8671209515442,-1280.7877703679421,-1516.2208094501282,-623.1128856501457,5.707743928643524
42,3.1636000000000086,10.008364960000057,173.7234,103.89485699999993,0,0,92,43,49,36,0,13163.752713999978,8580.362573999997,13895.835478000005,16522.422117000024,17126.12314200001,18037.271586999992,17143.306108999994,18806.913646000005,16980.932223000025,18771.465064606928,24617.933597613417,39451.45365036864,51705.32732886474,58221.43662193223,59579.008325666815,57714.14125505963,56786.432093593074,55320.05113554158,691.135569000001,729.1210940000001,1380.914708,2055.6549039999986,2681.491045999999,3081.4692700000014,3017.063602000001,2836.953432,2781.7609840000014,135.34815633760095,175.19253854200008,289.31230521407474,391.96180871541463,453.4327661184695,463.9109361964299,449.2947356515242,435.63568542429886,428.1192951715069,14877.835353683206,13745.087386778589,27650.14356079458,41938.59584991172,56950.252310702235,66663.60371760563,65608.2382822154,60496.51891852522,59345.785112323516,343.4254972565157,250.05246913580254,451.814814814815,624.7291666666669,790.8070987654319,970.2962962962964,968.9830246913582,1062.2145061728397,959.0941358024687,143.08426863043454,89.37877681249996,75.52084498913047,60.300810645985486,47.30973243646412,43.67378108232442,42.43392601237622,50.01838735638299,46.14383756250007,204.03766374572746,256.4368083084731,214.4100741867861,188.705574192937,160.83269785064155,144.25910006214727,142.85678528480102,151.0277449297688,150.32622591179776,160.89499712373728,161.2657204139226,8462.112772739125,84.36798805480946,1043.650211478251,-1476.4386309839444,-976.2376766691851,1205.8518208558776,1261.8147750586156,1462.8194062400812,-191.6281213260829,4920.724282240081,257.23974785659044,857.8426420915421,-1358.8671549922094,-1525.7310836437878,53.274947121641944,5.6777807052660805
14,3.448300000000004,11.89077289000003,175.62159999999997,104.53806399999992,0,0,92,44,48,36,0,9291.49243399998,8460.108441999999,13655.327214000004,17447.981025000023,17502.004840000016,17774.452438999986,17574.089534999996,18389.12283000001,17223.54189300004,19044.914774272802,24881.381713094528,39978.34988133087,52659.69954838019,58781.77151216684,59960.436833231004,58225.810001097365,57337.23134701253,56382.361397244196,698.2063940000012,732.2487880000001,1387.170096,2068.5945569999985,2691.4610619999994,3087.1181480000014,3023.417778000002,2843.4412680000005,2795.018562000001,135.10584343275193,176.26669423200008,291.46061659407474,397.25768737056563,455.5692898376203,466.7492477215809,451.58248335552406,438.53915680429884,434.81265391180887,14889.670686852756,13750.976715103689,27661.922217444764,41964.99686532795,56970.35370440192,66663.63541398908,65605.53716756585,60511.01801785793,59333.304476101504,343.69114845297963,249.54115226337456,452.2016460905351,626.3260269013873,793.1949588477365,969.3122427983541,971.3914609053501,1063.687757201646,957.5318930041153,100.99448297826063,88.12612960416666,74.21373485869569,63.678762864963595,48.348079668508326,43.037415106537495,43.50022162128712,48.90724156914897,46.80310297010882,207.0099431986174,259.1810595114013,217.27364065940688,192.1886844831393,162.3805842877537,145.18265577053512,144.12329208192415,152.49263656120354,153.2129385794679,160.93355855813275,161.23180564158017,4731.9097136087,90.38446193004508,998.7916631304226,-204.86572218242932,-390.6695289168069,710.8618538653424,1452.8617120661881,1161.962267990556,-555.9753189782497,4878.246156306491,251.33397581798857,947.0709443971447,-1168.5733388729016,-1494.4599561190912,104.52942838742395,5.443697499232712
28,-0.4897000000000007,0.2398060900000007,97.4285,65.40096199999995,0,0,61,27,34,22,0,4488.196843000012,5035.003637999999,8440.632808999992,10564.134929999997,10866.779747999986,9857.541090999937,7256.01830200004,5940.944916000034,4460.778804000023,11456.173033958692,15816.381639546382,26912.336721690834,36709.450312520785,40749.50085135082,37388.786519629124,29291.217530498554,22229.12936552829,16173.131032633934,461.07770799999963,487.8822480000004,969.5163080000008,1538.3365199999996,2016.5850479999995,2249.8640200000013,1938.7757920000033,1450.7049120000033,1103.0941440000024,79.6886587648658,111.67259389199991,195.32125453528224,276.13382132662184,322.2605168043376,304.77562267714643,243.59753574314587,182.27051815992039,130.40760189154383,10003.932431816967,9233.414596855098,19455.370982958488,31522.254905676968,43263.16020595599,49956.381606701485,43841.9207040944,32740.732321522755,24575.235207688365,268.65277777777777,163.97222222222226,304.72222222222234,489.4236111111112,603.1666666666664,738.8472222222224,594.4305555555559,473.6111111111112,405.9722222222223,73.57699742622971,78.67193184374999,65.43126208527126,51.784975147058795,39.805054021977966,32.42612200986821,27.694726343511604,30.310943448979767,30.55327947945221,187.80611531079828,247.1309631179122,208.6227652844251,179.94828584569007,149.26557088406898,122.98942934088524,111.79854019274258,113.41392533432804,110.77487008653378,167.0445526608304,168.32352881978332,2139.5236777377067,82.8288951604435,498.7039736366598,-783.5004997293701,-896.8338176129979,-124.75927664363786,-13.425870955391906,437.0322213673714,-46.22357976565593,3055.25727342465,255.05758408352443,657.9425068611022,-850.9170514190079,-1902.9993142421567,-809.9828167810399,4.040958607678906
51,3.448300000000004,11.89077289000003,175.62159999999997,104.53806399999992,0,0,92,44,48,36,0,9291.49243399998,8460.108441999999,13655.327214000004,16778.049683000023,18585.61904400001,18325.489996999982,17436.734838999993,18872.240764000016,18257.697385000043,19044.914774272802,24881.381713094528,39978.34988133087,52529.11033458045,59259.620017455374,60208.657463787626,58324.848662029544,57872.645377752946,57165.99605854124,698.2063940000012,732.2487880000001,1387.170096,2068.7526139999986,2693.7277229999995,3090.3446300000014,3022.616014000002,2850.443458000001,2805.2472340000013,135.10584343275193,176.26669423200008,291.46061659407474,395.17248812456563,460.1815447736204,467.9628397355809,452.89594703152414,443.0842041646008,440.57129328611086,14889.670686852756,13750.976715103689,27661.922217444764,41964.58657193649,56963.66085416947,66655.04497101442,65607.0244669166,60486.758724985695,59300.45474025464,343.69114845297963,249.54115226337456,451.4835390946503,627.2332818930046,790.6930536503578,973.5653292181073,968.4902263374486,1062.1970164609056,960.4032921810697,100.99448297826063,88.12612960416666,74.21373485869569,61.233757967153366,51.341489071823226,44.37164648184015,43.160234749999994,50.19212969148941,49.613308111413154,207.0099431986174,259.1810595114013,217.27364065940688,191.71208151306732,163.70060778302587,145.78367424645913,144.36843728225134,153.9166100472153,155.34238059386206,160.869039162196,161.14254005503975,4731.9097136087,90.38446193004509,998.7916631304229,-874.7970641824271,450.4752413005806,1019.4299780827313,1315.5070160661874,917.6719006427268,-491.6975621086898,4878.246156306491,251.33397581798857,947.0709443971447,-1299.1625526726327,-1226.0026650445634,143.3588447300479,5.455931955649724
38,2.212300000000005,4.894271290000021,172.83270000000005,105.40723599999993,6,6,96,44,52,37,0,7182.383812000021,8041.284871999997,12556.402857000005,15183.313233000026,16839.84273400002,17397.456421999992,16859.705803999994,17332.948054000008,16029.315551999995,18801.215513884017,25021.79536700961,39728.1075137048,52278.709625601085,59695.0268424567,61225.70749846396,58827.19631200791,57586.92609962962,56561.03317454018,721.8212320000014,761.7023839999997,1439.4131400000006,2096.7328919999986,2758.090527999999,3192.555776000001,3106.718600000002,2897.8558239999998,2857.4190960000014,130.81159905214778,176.11835147200009,287.5310278866218,390.3740203174147,461.1851402033185,476.9062825526751,455.8302315780713,438.9987007448459,431.539817911809,15605.268081208453,14378.114754607284,28927.876495595767,42741.25497934592,58498.20816686037,69149.89591122656,67478.41202069953,61835.61773682491,60655.681120326575,361.5416666666666,267.1111111111112,478.50000000000017,650.5625000000002,830.4305555555553,1004.4027777777776,1017.2083333333336,1093.9027777777776,1004.1111111111113,74.81649804166689,80.41284871999997,65.74032909424086,54.4204775376345,45.26839444623661,40.648262668224284,40.62579711807229,45.13788555729169,42.63115838297871,195.84599493629187,250.21795367009608,208.00056289897802,187.3788875469573,160.47050226466857,143.05071845435504,141.75228026989856,149.96595338445212,150.42827971952173,161.03025452298158,161.31830085193238,3321.374209333329,153.84105811109754,791.1425251388753,-916.251951083354,-418.87323400001577,281.2710442222144,611.5218696944398,538.726984833326,-1116.9258878889027,4921.272425637272,217.83220233059689,1030.9404755588769,-1174.6785210059775,-1559.061201358561,-52.421259729315,5.7447274948966935
